Sample.id,num_seq
ERR1051325,226336276
ERR436052,35335936
ERR436053,33349134
ERR436054,34019554
ERR436055,32142954
ERR436057,44668036
ERR436058,39174750
SRR1379730,56903178
SRR1783792,48436048
SRR1924237,114125388
SRR1926113,113026584
SRR1926121,71970964
SRR1926122,96957246
SRR1926147,49993248
SRR1926159,59561024
SRR1926200,58130048
SRR1926201,67015034
SRR1955040,130403924
SRR2029815,44416038
SRR2029816,37709994
SRR2029817,37463400
SRR2029827,42541998
SRR2029828,41118240
SRR2029829,40657210
SRR2093878,57270334
SRR2140746,24116926
SRR2952554,79097068
SRR2954705,74384592
SRR3439671,59164990
SRR3439678,50734718
SRR3452784,93346244
SRR3452787,72806982
SRR350471,125843942
SRR350474,187064394
SRR350500,95197670
SRR350513,184084690
SRR350639,94138222
SRR350640,70117858
SRR350641,116050250
SRR350692,160543912
SRR350919,40421704
SRR350921,68737600
SRR350970,37944730
SRR351473,400559456
SRR351474,516725440
SRR352287,356421884
SRR3592108,35683842
SRR3601981,32512006
SRR3601982,32763168
SRR3601984,32296134
SRR3659419,27887104
SRR3747750,70118538
SRR3747798,68701776
SRR3747811,66575382
SRR3747812,69626572
SRR3747847,59908710
SRR3954470,305670974
SRR3954471,307139734
SRR3954472,286265592
SRR3954473,286753192
SRR3954474,287823864
SRR3969602,223449944
SRR3969907,210605266
SRR3970034,230012272
SRR3971189,218418364
SRR3972132,223553118
SRR3972141,218146510
SRR3972149,224424542
SRR3972293,44351852
SRR3973802,44929092
SRR3974375,53880022
SRR3974376,51552402
SRR3974377,58082968
SRR3974390,64109710
SRR3975574,51848818
SRR3975575,59115692
SRR3975576,30767492
SRR3975577,46069374
SRR3977090,51317526
SRR3977097,41316962
SRR3977098,42849016
SRR3977124,40227462
SRR3977125,40287658
SRR3977135,77267476
SRR3977136,52476732
SRR3977137,53989566
SRR3977138,49163276
SRR3977139,49676752
SRR3977438,46187092
SRR3977439,47386428
SRR3978320,49337118
SRR3978321,49781460
SRR3978361,54670690
SRR3978390,51095020
SRR3979409,59684286
SRR3979410,58799608
SRR3979411,51263246
SRR3979412,44168140
SRR3979413,49104578
SRR3979414,48447376
SRR3979453,47282164
SRR3979454,47305936
SRR3979490,57218798
SRR3979491,58195800
SRR3979977,50619868
SRR3979978,51178602
SRR3981081,73036832
SRR3981082,59711806
SRR3981189,57369950
SRR3981190,57541520
SRR3982067,50684402
SRR3982068,49970966
SRR3982074,64981094
SRR3982075,64229318
SRR3982751,144479908
SRR3984885,269362730
SRR3984893,270400072
SRR3984957,302044464
SRR3984960,61973456
SRR3984961,58617956
SRR3984962,75043024
SRR3984963,69232792
SRR3985186,63682850
SRR3985188,61283742
SRR3985190,58587508
SRR3985369,63002672
SRR3985370,60371086
SRR3985376,67261080
SRR3985382,58478962
SRR3985383,60135778
SRR3985384,60383272
SRR3985385,85790694
SRR3985388,59904416
SRR3985389,59813380
SRR3985390,65098388
SRR3985391,62627312
SRR3985394,70167620
SRR3985395,75323826
SRR3985396,52894196
SRR3985397,52074626
SRR3985418,45930080
SRR3985419,47254986
SRR3985420,51553010
SRR3985421,53693268
SRR3985424,52946306
SRR3985523,61563046
SRR3985524,63836670
SRR3985525,59253304
SRR3985526,62502740
SRR3985527,58699222
SRR3985624,64227906
SRR3985625,48895024
SRR3988231,77750392
SRR3988262,72107182
SRR3988263,62514638
SRR3988264,262313816
SRR3988265,54012418
SRR3989121,131541658
SRR3989238,125191034
SRR3989239,157994030
SRR3989254,88053152
SRR3989257,99998296
SRR3989258,86452998
SRR3989293,301108464
SRR3989295,302948018
SRR3989296,312410230
SRR3989297,235946988
SRR3989304,211357604
SRR3989307,280003130
SRR3989309,31712392
SRR3989314,39217500
SRR3989338,265151112
SRR3989339,72210844
SRR3989344,308551418
SRR3989430,279328314
SRR3989449,61529532
SRR3989460,32448186
SRR3989461,29310074
SRR3989470,29957188
SRR3989471,31105824
SRR3989474,37508624
SRR3989477,51018764
SRR3989482,38557320
SRR3989487,26665586
SRR3989489,29361726
SRR3989490,31092084
SRR3989492,28511596
SRR3989493,28078656
SRR3989495,31530894
SRR3989500,30684784
SRR3989501,28448520
SRR3989508,29651182
SRR3989509,27473846
SRR3989516,28367220
SRR3989550,30733950
SRR3989555,30150962
SRR3989556,40449808
SRR3989561,44082612
SRR3989573,36541980
SRR3989576,35398702
SRR3989606,35138524
SRR3989686,41201840
SRR3989699,42575878
SRR3989700,38598106
SRR3989702,40516932
SRR3989705,46003816
SRR3989710,40342906
SRR3989711,38808588
SRR3990167,264354396
SRR3990168,292032686
SRR3990169,293127614
SRR3990170,229154390
SRR3990171,285797216
SRR3990172,254612632
SRR3990173,271554400
SRR3990174,273858632
SRR400291,119750052
SRR4021130,48830206
SRR4022091,30960312
SRR4022141,28641788
SRR4022146,31163002
SRR4022147,30762976
SRR4022148,32072176
SRR4022149,32589410
SRR4022155,30950718
SRR4022160,31792886
SRR4026198,54540002
SRR4026199,53732070
SRR4026200,46889110
SRR4026201,46994494
SRR4026202,34665420
SRR4026203,35273298
SRR4026205,63807254
SRR4026206,61853528
SRR4026207,61436040
SRR4026208,62241516
SRR4026209,62992566
SRR4027028,46156544
SRR4027029,45517524
SRR4027030,45383736
SRR4027031,46696384
SRR4027034,54392724
SRR4027035,113372508
SRR4027036,111363124
SRR4027037,115113278
SRR4027038,101458526
SRR4027039,114424306
SRR4027040,113623528
SRR4027041,105846926
SRR4027042,106742184
SRR4027043,105164902
SRR4027044,52811624
SRR4027045,105573492
SRR4027046,107511236
SRR4027089,65050580
SRR4027090,109618448
SRR4027091,114450330
SRR4027092,110327852
SRR4027093,116737528
SRR4027094,115094936
SRR4027095,111648980
SRR4027098,104402454
SRR4027099,102400442
SRR4027100,105601450
SRR4027101,104344570
SRR4027102,104436452
SRR4027103,102814158
SRR4027104,102967588
SRR4027105,55588994
SRR4027107,47400976
SRR4027108,47788484
SRR4027110,99501554
SRR4027111,101094992
SRR4027112,101193272
SRR4027113,102199062
SRR4027114,95521846
SRR4027115,99649114
SRR4027116,96069968
SRR4027121,75360310
SRR4027122,77802122
SRR4027123,79464420
SRR4027124,78773532
SRR4027125,78931438
SRR4027126,77537740
SRR4027127,78279154
SRR4027129,68227956
SRR4027130,67914096
SRR4027131,68453578
SRR4027132,70698678
SRR4027133,70550992
SRR4027134,70421298
SRR4027567,71256202
SRR4027568,67197546
SRR4027569,74284204
SRR4027570,70249360
SRR4027571,73780986
SRR4027572,71742582
SRR4027576,73738612
SRR4027577,77172350
SRR4027578,71509984
SRR4027579,77899576
SRR4027580,74889872
SRR4027581,67373042
SRR4027582,72968376
SRR4027610,153936148
SRR4027666,50424352
SRR4027667,49606536
SRR4027668,49645120
SRR4027669,50240756
SRR4027670,50215262
SRR4027671,50136786
SRR4027672,50061384
SRR4027795,63835636
SRR4027796,64117974
SRR4027797,62490680
SRR4027798,63090796
SRR4027799,64219790
SRR4027800,62334214
SRR4027801,66145680
SRR4027826,50246498
SRR4027827,50126316
SRR4027828,50598878
SRR4027829,50481370
SRR4027830,50474838
SRR4027831,45155070
SRR4027832,50701306
SRR4027934,61469260
SRR4027936,61046602
SRR4028118,60059060
SRR4028119,60772316
SRR4030041,50112938
SRR4030042,200083300
SRR4030043,61764618
SRR4030066,75740318
SRR4030068,285717762
SRR4030077,41582598
SRR4030078,47743340
SRR4030079,46589596
SRR4030080,41239300
SRR4030081,54453634
SRR4030082,40800882
SRR4030083,47294580
SRR4030084,41050876
SRR4030085,43617888
SRR4030086,35830618
SRR4030087,33842382
SRR4030088,50546440
SRR4030091,40408970
SRR4030096,38518294
SRR4030097,40527412
SRR4046300,26275848
SRR4051794,153249146
SRR4051795,184265666
SRR4051812,177578282
SRR4241755,138132810
SRR4289280,59726160
SRR4289282,65743560
SRR4289283,73537522
SRR4289284,67316566
SRR4289285,67336582
SRR4289286,60842776
SRR4289287,85713420
SRR4289288,65584060
SRR4289289,66435296
SRR4289290,65798034
SRR4289291,66952490
SRR4289292,58288214
SRR5035371,27826548
SRR5133178,166184562
SRR5133179,173366478
SRR5152881,60922822
SRR5177928,163715424
SRR5177929,153617318
SRR5195106,195194036
SRR5195107,172744720
SRR5195108,202871950
SRR5195109,185552038
SRR5195110,203834218
SRR5195111,196359440
SRR5195112,195842596
SRR5195114,204280300
SRR5195115,186777956
SRR5195116,203321116
SRR5195117,200495474
SRR5195118,202968060
SRR5195119,197432436
SRR5195121,192685554
SRR5195123,188520716
SRR5195124,182097702
SRR5195126,196032702
SRR5195127,198725224
SRR5195129,197363592
SRR5195131,188800198
SRR5195132,197609194
SRR5195133,197804646
SRR5195135,189565214
SRR5195136,194087094
SRR5195137,196971702
SRR5195138,192747456
SRR5195139,198124666
SRR5195140,197413576
SRR5195141,197906288
SRR5195142,198120168
SRR5195143,206089498
SRR5195144,189457918
SRR5195145,204722492
SRR5195146,191423404
SRR5195147,203078070
SRR5195148,191902098
SRR5204862,57861166
SRR5204863,77344974
SRR5205085,91232044
SRR5205807,72360248
SRR5205809,49146694
SRR5205814,71753108
SRR5206468,90764428
SRR5207236,81628812
SRR5207237,80673496
SRR5207244,91088990
SRR5207245,74251022
SRR5207247,73991636
SRR5207248,76297710
SRR5207249,80417498
SRR5207253,78881758
SRR5207302,76474714
SRR5207342,78638550
SRR5207344,81101264
SRR5207566,54383882
SRR5207569,55211736
SRR5207629,58000562
SRR5208282,137549858
SRR5208283,115327970
SRR5208337,109598592
SRR5209019,59908710
SRR5209020,69626590
SRR5209021,66576348
SRR5209022,68701774
SRR5209023,70593746
SRR5209025,72820584
SRR5209026,70118538
SRR5209027,76479258
SRR5209028,80057394
SRR5209029,79561346
SRR5209942,56332134
SRR5209943,54306490
SRR5209944,54335802
SRR5209945,43782698
SRR5209946,49521662
SRR5210208,49955630
SRR5210210,50705210
SRR5210212,42801032
SRR5210213,40661284
SRR5210214,50200606
SRR5210466,53707576
SRR5210468,46685814
SRR5210469,48355468
SRR5210470,50072420
SRR5213075,68145120
SRR5213076,70177128
SRR5213078,100492198
SRR5213079,68972586
SRR5213080,90675274
SRR5213082,64415036
SRR5213083,65957712
SRR5213592,90293114
SRR5213593,81079650
SRR5213594,68531848
SRR5213595,69087574
SRR5213596,67962402
SRR5213597,58398610
SRR5214707,93262998
SRR5214708,89221158
SRR5215203,124250710
SRR5215204,127951728
SRR5215207,180904370
SRR5215213,191819390
SRR5215216,136024364
SRR5215217,166114354
SRR5215218,191867606
SRR5215467,260364196
SRR5215468,202765732
SRR5215469,305222020
SRR5215470,340343566
SRR5215471,346882700
SRR5215472,312255808
SRR5215473,360806580
SRR5215474,360932874
SRR5215475,273172582
SRR5215510,283238218
SRR5215545,452403880
SRR5215813,259062028
SRR5215831,344078342
SRR5216110,62984996
SRR5216117,64868250
SRR5246127,100387042
SRR5246500,100387042
SRR5256712,66367954
SRR5256714,80675156
SRR5256884,49131350
SRR5256885,84758170
SRR5256886,77828924
SRR5258705,69555492
SRR5258706,84111798
SRR5258707,77173710
SRR5258708,187093802
SRR5259839,40890928
SRR5260221,74882074
SRR5260370,167788098
SRR5262244,77003834
SRR5262245,271934206
SRR5262246,326999006
SRR5262247,84752526
SRR5262248,400497130
SRR5262249,283955940
SRR5262250,74770970
SRR5262252,170981106
SRR5262254,319767044
SRR5269546,83807064
SRR5271154,120589096
SRR5271155,97239262
SRR5271156,115317596
SRR5271157,118206332
SRR5271163,87823104
SRR5271165,130913342
SRR5271166,128560932
SRR5271167,88436564
SRR5271168,91212318
SRR5271169,118715926
SRR5271170,137270160
SRR5271193,30596672
SRR5272158,35015710
SRR5272160,37040086
SRR5272171,36795246
SRR5277367,123594534
SRR5428010,40724032
SRR5428012,131450910
SRR5428114,29941528
SRR5436189,46413088
SRR5436305,84449888
SRR5436309,91318160
SRR5436853,53175716
SRR5437016,81355872
SRR5437588,78268088
SRR5437660,73752416
SRR5437762,75883746
SRR5437763,86293988
SRR5437764,88503948
SRR5437773,71343424
SRR5437867,72189616
SRR5437868,83027888
SRR5437870,72937634
SRR5437879,66478732
SRR5437899,68560068
SRR5438034,69515648
SRR5438045,54826276
SRR5438046,58201520
SRR5438067,75711878
SRR5438093,80608938
SRR5438094,63327024
SRR5438105,89703894
SRR5438128,73496988
SRR5438132,86684138
SRR5438270,81881264
SRR5438309,69842108
SRR5438445,81349630
SRR5438477,77578136
SRR5438552,107602810
SRR5438874,77949626
SRR5438876,73049862
SRR5439155,201460816
SRR5439720,221959944
SRR5450873,55382908
SRR5467141,67968364
SRR5467142,59584054
SRR5468416,42725922
SRR5468417,52987382
SRR5468419,59142912
SRR5499425,74770970
SRR5499426,84752526
SRR5499427,170981106
SRR5499433,77003834
SRR5579859,144428126
SRR5579863,156291518
SRR5579864,156292746
SRR5579871,139869318
SRR5579872,129778764
SRR5579875,218690062
SRR5579883,151273702
SRR5579884,147034738
SRR5579885,119429902
SRR5580765,132970258
SRR5581483,285441870
SRR5582390,286965366
SRR5582436,284973876
SRR5639170,28412590
SRR5659263,233906282
SRR5660397,52505852
SRR5660398,242639964
SRR5664279,123550454
SRR5664280,69337688
SRR5665213,85843972
SRR5665254,174416758
SRR5665647,288005060
SRR5665648,89678540
SRR5665809,68774986
SRR5665811,77545428
SRR5674476,268408060
SRR5674536,69015110
SRR5678805,107529634
SRR5678806,303848880
SRR5678807,341258326
SRR5678808,105525598
SRR5678809,53030624
SRR5678810,54235728
SRR5678811,66362090
SRR5678812,67272722
SRR5678813,147584584
SRR5678814,414716710
SRR5678815,142453072
SRR5678816,145179994
SRR5680860,97886456
SRR5687767,58436148
SRR5687768,67555856
SRR5688500,64333034
SRR5688572,134941328
SRR5689334,95758624
SRR5690242,82567556
SRR5690348,70939270
SRR5690349,100013402
SRR5690554,81007910
SRR5690606,242845456
SRR5690625,66410226
SRR5699024,228597476
SRR5712664,74795710
SRR5712671,122933776
SRR5712672,71703972
SRR5712675,69229996
SRR5712691,192157904
SRR5713101,158450340
SRR5713226,161968782
SRR5829540,45450144
SRR5829542,67654112
SRR5829543,99619662
SRR5829544,53189058
SRR5829545,111140532
SRR5829546,67079462
SRR5829547,53309838
SRR5829548,58237162
SRR5829549,52351178
SRR5829550,56590008
SRR5829696,185826516
SRR5881195,56924914
SRR5881227,76015522
SRR5881275,70890440
SRR5881293,46179080
SRR5881296,67364460
SRR5881392,79747552
SRR5881394,84691348
SRR5881396,75031372
SRR5881397,75357798
SRR5881398,69315452
SRR5881409,69168524
SRR5881628,73281642
SRR5882672,205308622
SRR5882724,211875348
SRR5882757,191717382
SRR5882762,197140672
SRR5915952,42791974
SRR5915956,41119030
SRR5915997,35556040
SRR5916035,44536146
SRR5916047,36967646
SRR5916087,38957398
SRR5916093,47028424
SRR5916120,39251124
SRR5916140,34588832
SRR5916164,37821118
SRR5916175,33523052
SRR5916184,38560246
SRR5916217,35598150
SRR5916275,41409602
SRR5916285,37363616
SRR5916294,35981312
SRR5916310,36162058
SRR5916354,39858702
SRR5916420,37052196
SRR5916425,33675872
SRR5918911,137803518
SRR5918912,112726152
SRR5918913,35792880
SRR5918914,35669090
SRR5918916,33055986
SRR5918921,34713238
SRR5918944,36736038
SRR5918954,37206290
SRR5918955,36072236
SRR5918958,33801832
SRR5918960,31129484
SRR5918970,56110682
SRR5918978,36475840
SRR5918986,35657038
SRR5918988,33277126
SRR5918989,38048892
SRR5918992,127471698
SRR5918993,124343214
SRR5918994,141773776
SRR5918995,148477442
SRR5918996,134861518
SRR5918997,126667000
SRR5918998,142193276
SRR5919014,39311152
SRR5919015,39322086
SRR5919028,32711030
SRR5919096,41280510
SRR5919098,37064418
SRR5919099,40876180
SRR5919101,41567448
SRR5919102,42731362
SRR5919103,35146782
SRR5919105,35614086
SRR5919106,139967054
SRR5919107,127295714
SRR5919108,161773446
SRR5919109,124707096
SRR5919112,140804142
SRR5919159,39635806
SRR5919168,38109696
SRR5919197,103844012
SRR5919198,122419764
SRR5919199,139131550
SRR5919200,30304948
SRR5919201,121321824
SRR5919202,118422326
SRR5919204,153148874
SRR5919206,166431986
SRR5919212,30870212
SRR5919215,34992162
SRR5919221,36299846
SRR5919227,35944622
SRR5919245,34995274
SRR5919246,32160744
SRR5919249,35601452
SRR5919288,33171038
SRR5919342,37990764
SRR5919343,34594360
SRR5919346,42951400
SRR5923059,41863622
SRR5923187,48280046
SRR5923242,41265674
SRR5947199,64072556
SRR5947207,87307862
SRR5947208,95733770
SRR5947209,107005576
SRR6056278,50092126
SRR6056297,71780928
SRR6056298,40013392
SRR6058998,72389422
SRR6059058,112912664
SRR6152564,164172850
SRR6166740,22947350
SRR6181342,361167742
SRR6181350,238879268
SRR6184192,70305898
SRR6184671,351700764
SRR6185295,361962540
SRR6185312,340609438
SRR6185369,326996488
SRR6185436,366382764
SRR6185437,348131658
SRR6185503,367470922
SRR6185512,348550976
SRR6186713,68116286
SRR6186997,70845688
SRR6187048,61236092
SRR6187200,71498330
SRR6187201,51467520
SRR6187397,59487788
SRR6187398,59311564
SRR6187399,65920650
SRR6187400,63033776
SRR6187401,69388526
SRR6187402,79180420
SRR6187431,67234306
SRR6187455,67554802
SRR6187549,85071798
SRR6187551,76114600
SRR6188470,62125428
SRR6188471,65150764
SRR6188472,86560792
SRR6188473,56941454
SRR6188474,81490386
SRR6188508,76439124
SRR6188509,64043540
SRR6188602,57869744
SRR6188768,85269778
SRR6193119,203289542
SRR6195256,116310484
SRR6195952,111290696
SRR6195974,266241046
SRR6195975,43709806
SRR6201746,63232872
SRR6201747,62489750
SRR6201865,34321580
SRR6201908,49898786
SRR6201927,29414538
SRR6201981,81686226
SRR6201982,93521758
SRR6201984,76853482
SRR6201985,82031388
SRR6201986,93080144
SRR6201987,92714720
SRR6201988,92718678
SRR6201989,79678558
SRR6201990,85831338
SRR6201991,90381508
SRR6201992,85974392
SRR6201993,95240758
SRR6201994,91950800
SRR6201995,90013262
SRR6201998,92565532
SRR6201999,90301884
SRR6202000,78026282
SRR6202007,85070930
SRR6202008,93057370
SRR6202011,102665550
SRR6202012,94216436
SRR6202019,40032288
SRR6202020,71648680
SRR6202021,95729852
SRR6202022,93878368
SRR6202023,81442656
SRR6202030,84859098
SRR6202034,81373992
SRR6202035,102620398
SRR6202040,81278368
SRR6202041,69265300
SRR6202042,77995784
SRR6202043,74267130
SRR6202044,78542882
SRR6202045,80295268
SRR6202046,101668504
SRR6202047,89329270
SRR6202048,93467698
SRR6202049,86158422
SRR6202050,92586062
SRR6202140,87233366
SRR6202142,78106450
SRR6202158,105060130
SRR6202161,87890642
SRR6202162,110170958
SRR6202163,84462674
SRR6202165,99337168
SRR6202166,90725762
SRR6202167,95275756
SRR6202171,104524778
SRR6202451,85602106
SRR6202453,88218478
SRR6202521,95063740
SRR6202522,66287380
SRR6202789,79035772
SRR6202790,92712914
SRR6202795,95243328
SRR6204780,84395018
SRR6241674,66439460
SRR6266403,115549128
SRR6266478,175707462
SRR6266480,157938962
SRR6266508,136240728
SRR6266536,129153734
SRR6266542,143089422
SRR6266545,191744856
SRR6266566,218968030
SRR6266567,205850102
SRR6266568,199526104
SRR6266576,149327670
SRR6266700,153354628
SRR6266849,180555158
SRR6266851,209927196
SRR6293899,71205710
SRR6293900,81743810
SRR6476469,169723046
SRR6476619,137041392
SRR6476620,188447450
SRR6476646,192347078
SRR6476660,158697792
SRR6478672,226498824
SRR6478735,233608920
SRR6478736,203451632
SRR6478752,202029360
SRR6797243,49537066
SRR6797244,50489976
SRR6797246,37842268
SRR6831574,360274774
SRR6956465,80374384
SRR6956476,80390914
SRR6956671,71171026
SRR6956731,70465790
SRR6958124,308815936
SRR6958471,171498136
SRR6958472,329230048
SRR6958552,374335636
SRR7003761,142881152
SRR7003762,117900262
SRR7003763,52213356
SRR7003764,81554060
SRR7003765,183635236
SRR7003766,176454672
SRR7003767,55881778
SRR7003810,57966272
SRR7004144,46446000
SRR7004167,69921332
SRR7004174,45735722
SRR7004194,63105344
SRR7004195,64877666
SRR7004196,61054592
SRR7004197,57880472
SRR7004198,159498510
SRR7004199,62978420
SRR7004200,162191142
SRR7004201,79819738
SRR7004202,158778394
SRR7004203,133581048
SRR7004204,124985232
SRR7004205,176922284
SRR7004206,141775834
SRR7004333,84298876
SRR7004334,176168244
SRR7004335,183013630
SRR7004337,149598086
SRR7004338,169217606
SRR7004339,151332316
SRR7004340,157005524
SRR7004342,162141520
SRR7004343,158112918
SRR7004344,163066816
SRR7004345,133773946
SRR7004346,73849142
SRR7004347,133915272
SRR7006909,74336436
SRR7010302,54583972
SRR7010303,42402164
SRR7010524,34287754
SRR7010525,38204564
SRR7010528,44487600
SRR7010529,36877162
SRR7011027,43427736
SRR7011028,42300278
SRR7011568,44516726
SRR7011569,45554266
SRR7011570,35963472
SRR7011571,39286646
SRR7011573,53090088
SRR7011574,55461550
SRR7011725,40352068
SRR7011726,40800774
SRR7011942,44093808
SRR7011943,41826480
SRR7011944,42225484
SRR7011945,46229722
SRR7011951,155592550
SRR7011953,50946298
SRR7011954,46541846
SRR7011960,41367168
SRR7011961,49117554
SRR7011963,39185784
SRR7011964,47390176
SRR7011991,129349816
SRR7011995,43038340
SRR7011996,48474926
SRR7011997,41324620
SRR7011999,41410218
SRR7012000,46254520
SRR7012006,24306444
SRR7012007,41790108
SRR7012429,50851592
SRR7012430,44363596
SRR7012453,59804554
SRR7012454,43130266
SRR7012891,64154744
SRR7012892,46770078
SRR7012999,48514986
SRR7013000,51068608
SRR7013837,90062108
SRR7013838,103267544
SRR7013839,66356482
SRR7013844,107388918
SRR7015784,46419404
SRR7015785,39979084
SRR7015786,54589206
SRR7015787,49564328
SRR7015886,55802496
SRR7015887,52994594
SRR7015888,49741658
SRR7015889,47181774
SRR7015890,46514596
SRR7015891,52423388
SRR7015892,47275982
SRR7015893,53253496
SRR7015916,51700002
SRR7015917,57192664
SRR7015918,48154330
SRR7015919,54130864
SRR7015921,142714732
SRR7026199,49950686
SRR7026200,40992406
SRR7026201,53523750
SRR7026202,44190490
SRR7026233,58739002
SRR7026234,52152406
SRR7026235,52614666
SRR7026236,46839996
SRR7026237,52640268
SRR7026238,47502548
SRR7026259,46776268
SRR7026260,49826042
SRR7026261,62136592
SRR7026262,59882410
SRR7026263,54622162
SRR7026264,57096596
SRR7026313,42892946
SRR7026314,47635976
SRR7026336,56425420
SRR7026337,65362132
SRR7026338,46797558
SRR7026339,53309074
SRR7026340,52485856
SRR7026341,53930422
SRR7026342,42079930
SRR7026343,48450484
SRR7026344,38067076
SRR7026345,48641680
SRR7026346,41741278
SRR7026347,44832384
SRR7026370,45916524
SRR7026371,40046406
SRR7026372,58040092
SRR7026373,46190506
SRR7026374,36631678
SRR7026375,36281582
SRR7026472,46649926
SRR7026473,44690902
SRR7026474,39140814
SRR7026475,53972846
SRR7026476,39175434
SRR7026477,36475706
SRR7026479,55344638
SRR7026480,50018982
SRR7026485,45401046
SRR7026486,49217638
SRR7026487,38580422
SRR7026488,36198544
SRR7026559,40742412
SRR7026561,57192732
SRR7026562,60375654
SRR7026564,39668778
SRR7026568,54726892
SRR7026569,48188398
SRR7026570,48153738
SRR7026571,58132320
SRR7026572,67972678
SRR7026573,58148808
SRR7027364,41315818
SRR7027365,43276218
SRR7027366,36699708
SRR7027367,53430304
SRR7027368,57930722
SRR7027369,62049554
SRR7027379,48650832
SRR7027380,41177286
SRR7091522,167778298
SRR7091523,133453658
SRR7093038,316067356
SRR7093792,317129030
SRR7093793,288549208
SRR7093794,313103264
SRR7093795,309978588
SRR7093796,310263514
SRR7093797,284661296
SRR7094830,314027472
SRR7094832,291107580
SRR7094833,285503450
SRR7094834,328901896
SRR7095402,277596478
SRR7096127,291523450
SRR7096238,297603536
SRR7097860,277830404
SRR7097861,280505524
SRR7097862,290200656
SRR7097863,330162044
SRR7098091,274273204
SRR7098092,215779552
SRR7100769,254938644
SRR7100789,272273640
SRR7101043,266342134
SRR7101595,287012612
SRR7102015,313284818
SRR7102016,313531982
SRR7141809,84423888
SRR7467816,44430544
SRR7468328,35224614
SRR7468329,56087864
SRR7468330,69498934
SRR7468331,47660894
SRR7468582,33566876
SRR7468592,46956310
SRR7468842,63859332
SRR7468846,61286100
SRR7468865,79251804
SRR7469208,36386440
SRR7469209,43117596
SRR7469572,45294168
SRR7469583,39485426
SRR7469745,43661992
SRR7470025,51208094
SRR7470026,46746230
SRR7470361,50737414
SRR7470970,45460446
SRR7470972,40542184
SRR7470973,36942176
SRR7470978,53066254
SRR7471037,32280204
SRR7471038,47344592
SRR7471040,47920734
SRR7471043,32737724
SRR7471159,81213238
SRR7471160,39728034
SRR7471161,84621252
SRR7471224,30859954
SRR7471225,46995894
SRR7471226,53024054
SRR7471323,36450438
SRR7471324,78401262
SRR7471325,36797398
SRR7471326,46353564
SRR7471327,42971764
SRR7471329,48369040
SRR7471330,44028006
SRR7471331,49175600
SRR7471335,43039414
SRR7471336,49338366
SRR7471412,50244614
SRR7471413,38249654
SRR7471414,44158276
SRR7471415,44458124
SRR7471668,45068590
SRR7471669,50945160
SRR7471670,46173602
SRR7471683,56770276
SRR7471701,43405258
SRR7471702,52653824
SRR7471703,32613058
SRR7471704,57019204
SRR7471708,47825212
SRR7471730,38437532
SRR7471731,39250754
SRR7471732,47270048
SRR7471733,34305752
SRR7471734,45253852
SRR7472063,127721238
SRR7472064,132799136
SRR7495874,135565908
SRR7495881,83952966
SRR7497547,57019200
SRR7497548,67045044
SRR7497549,58652414
SRR7497550,69411044
SRR7591063,48500250
SRR7595537,41409602
SRR7595568,47096890
SRR7595584,43060692
SRR7629274,79410346
SRR7629275,70994694
SRR7629276,86854878
SRR7629277,73987610
SRR7629278,52003206
SRR7629279,93683832
SRR7629280,70871560
SRR7629281,77294766
SRR7629282,92469792
SRR7686989,70078682
SRR7686990,75360844
SRR7686991,89811334
SRR7686992,68726774
SRR7686993,72309404
SRR7686999,68260856
SRR7687000,72916354
SRR7687001,59187774
SRR7687002,68647932
SRR7687003,75144916
SRR7687004,72023148
SRR7687005,77676548
SRR7687006,70055152
SRR7687007,74234322
SRR7687008,68290788
SRR7687010,68668188
SRR7687011,73873796
SRR7687012,69934400
SRR7687013,66648472
SRR7687014,65454122
SRR7687071,57960498
SRR7687072,73618654
SRR7687073,65757338
SRR7687074,61856628
SRR7687075,60142706
SRR7687076,57678790
SRR7687077,73763422
SRR7687087,65492160
SRR7687341,73051182
SRR7777325,89449852
SRR7882662,111834722
SRR7882663,128072756
SRR7965387,81491974
SRR7965391,77574568
SRR7965730,83704718
SRR7965772,72473016
SRR7965773,72534834
SRR7965774,104499994
SRR7965775,78154526
SRR7965806,86087726
SRR7965807,92881240
SRR7965808,77051092
SRR7967783,78582586
SRR7967784,95603902
SRR7967785,68055946
SRR7967786,83927424
SRR7967787,90739890
SRR7967818,75642700
SRR7967860,77773336
SRR7967861,79386434
SRR7967862,96935932
SRR7967863,85235348
SRR7967864,114563772
SRR7967865,97367276
SRR7967922,67799318
SRR7967948,80558958
SRR7967952,83844038
SRR7967953,91853242
SRR7967954,103102084
SRR7968240,63365736
SRR7968259,51792302
SRR7968260,53682292
SRR7968261,67840672
SRR7968333,50914238
SRR7968350,52989426
SRR7968364,43042864
SRR7968380,65189172
SRR7968381,47080314
SRR7968382,50709220
SRR7968383,57822836
SRR7968417,60017464
SRR7968834,67277126
SRR7968837,67064176
SRR7968838,67122166
SRR7969078,64408242
SRR7969083,54373690
SRR7969286,60774014
SRR7969287,58446206
SRR7969288,62400780
SRR7969289,60998764
SRR7969351,59282666
SRR7970553,52197504
SRR7970554,58941468
SRR7970555,52918426
SRR7970742,66006378
SRR7970743,55166258
SRR7970744,54121348
SRR7970745,46291528
SRR7970746,47502700
SRR7970950,48884786
SRR7970951,51228558
SRR7970985,55497738
SRR7974119,413856060
SRR7975437,85434094
SRR7975438,52989834
SRR7975446,199678530
SRR7976076,353172450
SRR7976077,379972564
SRR7976078,359056540
SRR7976138,167558416
SRR7976139,330968428
SRR7976237,47789768
SRR8090375,61582686
SRR8100014,56978236
SRR8100015,58395046
SRR8100016,60221386
SRR8100017,60328942
SRR8100018,61844894
SRR8100019,63342224
SRR8100020,65551796
SRR8100021,65509030
SRR8100044,141810250
SRR8185406,47865290
SRR8191071,62678912
SRR8205298,77248486
SRR8205300,47234804
SRR8205301,74190272
SRR8205303,81869774
SRR8205304,76264890
SRR8205305,88143852
SRR8205306,81575140
SRR8205307,51704674
SRR8205308,54452762
SRR8205309,94975696
SRR8205310,96031046
SRR8205311,80723766
SRR8205312,86257992
SRR8205313,80236782
SRR8205314,74767914
SRR8205316,93864168
SRR8270004,70284144
SRR8270006,63539480
SRR8435548,40781728
SRR8435584,41067492
SRR8435635,37753732
SRR8435649,39739800
SRR8437982,72572410
SRR8437983,73969418
SRR8437984,70896276
SRR8438001,66050902
SRR8438002,68473742
SRR8438005,65270346
SRR8438006,73277510
SRR8438007,63896924
SRR8438359,76229532
SRR8438360,82650258
SRR8438362,70334714
SRR8438363,80170010
SRR8438364,88293562
SRR8438365,43567276
SRR8438377,54756376
SRR8438383,51621296
SRR8438384,56028390
SRR8438981,83739212
SRR8438982,65173490
SRR8438987,45509134
SRR8438988,59649216
SRR8438989,58288400
SRR8438990,69144836
SRR8439256,591571156
SRR8439257,601765594
SRR8439258,682156876
SRR8439261,633419588
SRR8439391,704586342
SRR8536102,59003640
SRR8536150,61707804
SRR8536153,59720326
SRR8536155,41728992
SRR8536188,545363354
SRR8536189,499985078
SRR8536191,539590872
SRR8536201,490786786
SRR8536941,66773318
SRR8543488,294064248
SRR8544467,357846846
SRR8549365,421316504
SRR8553626,141042476
SRR8553627,163455410
SRR8553635,137273098
SRR8553636,187729602
SRR8553638,143478312
SRR8553639,167277576
SRR8553640,136626624
SRR8553641,115901994
SRR8553642,131208122
SRR8554483,308658754
SRR8554485,376846866
SRR8554501,372689508
SRR8554503,452215954
SRR8554504,285311182
SRR8554505,342809896
SRR8554511,495376830
SRR8554512,469493566
SRR8554643,453443342
SRR8554898,750887708
SRR8556377,362844340
SRR8821132,42839284
SRR8821142,41409602
SRR8821151,46958314
SRR8847062,410759070
SRR8847088,441344552
SRR8847350,719617192
SRR8858270,61337596
SRR8862977,209084724
SRR8863040,190899580
SRR8863074,207642212
SRR8863101,183548262
SRR8863102,196792500
SRR8863176,183430836
SRR8863177,211621074
SRR8863178,282968868
SRR8863179,219083958
SRR8863180,209893078
SRR8863203,214809580
SRR8874670,268482078
SRR8874768,299834134
SRR8874838,293345992
SRR8879130,425078550
SRR8879131,497790966
SRR8879132,394406448
SRR8879133,409258242
SRR8879134,389456972
SRR8879135,372093886
SRR8879136,336971822
SRR8879137,404060770
SRR8881005,368182244
SRR8881006,304634990
SRR8881007,321246198
SRR8881008,395031988
SRR8881009,395613690
SRR8881010,380431796
SRR8881011,470983184
SRR8881341,485685460
SRR8881745,499027928
SRR8987900,75711124
SRR8987901,64089182
SRR8987902,79188192
SRR8987903,75494100
SRR9002931,214655682
SRR9007738,1155903358
SRR9009769,232181088
SRR9009773,973656620
SRR9009774,944516708
SRR9030504,192984806
SRR9030505,175264944
SRR9030506,146652028
SRR9030507,154282596
SRR9032072,263141766
SRR9032073,287014706
SRR9032074,242161274
SRR9032075,379230026
SRR9032198,182570634
SRR9032199,328799564
SRR9032202,212480688
SRR9032259,253402722
SRR9032267,236649868
SRR9032300,235024942
SRR9032509,392925866
SRR9032510,214379444
SRR9032615,242185804
SRR9032694,257325670
SRR9032715,333343934
SRR988077,30134830
SRR988082,69119478
SRR988083,69250976
SRR988085,36777540
SRR988086,36717882
SRR988087,65576782
SRR988088,69889946
SRR988089,64911930
SRR988090,100389512
SRR988091,91291316
SRR988092,85469798
SRR988093,48614054
SRR988094,54901160
SRR988096,102176028
S1,184365852
S10,136582694
S107,145169792
S108,156486246
S109,138546542
S11,138360154
S112,135256120
S113,137701644
S114,151902002
S118,178385206
S12,139435690
S120,132225616
S121,145901542
S122,130339372
S125,165560500
S126,165560500
S127,171716270
S128,148886256
S129,149592060
S13,148150312
S130,134726032
S132,144840178
S134,137193800
S135,150470202
S136,126910420
S137,144674102
S139,162405916
S14,145427474
S140,169095698
S141,148508238
S142,193499634
S143,178029642
S145,165872580
S155,172516830
S16,146567704
S162,134478856
S163,148664704
S165,132805600
S168,138195868
S17,174942742
S171,147561880
S173,143525672
S174,139391116
S175,133416794
S176,131477748
S177,130341346
S178,129740856
S179,149981634
S18,149419160
S180,154157290
S182,128729146
S184,132241020
S185,132455772
S186,146915438
S187,150566388
S188,129373340
S191,141507556
S193,163017456
S199,139919380
S2,139090464
S20,129506476
S209,138853288
S21,159497654
S211,149805464
S212,147918658
S213,146177940
S215,141399350
S22,181526448
S223,148354922
S225,146406982
S226,130799832
S227,143116250
S228,145799510
S23,160054646
S233,167194778
S234,129071226
S237,159681074
S238,135249956
S239,147439010
S24,168211276
S242,145864726
S244,167075876
S245,167021344
S246,166418298
S248,162812280
S249,148683106
S25,138213376
S250,139099146
S251,183920934
S252,167152964
S253,152334182
S256,167820170
S257,171877084
S258,166086922
S260,157248958
S261,142635648
S262,156310504
S263,164635446
S264,163351416
S265,175536326
S268,163612900
S269,146225046
S270,151215184
S271,152776526
S274,148820894
S276,159977998
S277,166444088
S279,158514218
S28,135126398
S281,139457790
S283,178010366
S284,156666812
S285,156245732
S286,159740894
S287,155005590
S288,126544742
S29,141147394
S290,159903870
S296,161386096
S297,155750338
S3,136217924
S308,131131278
S309,126721660
S310,162958950
S311,147583260
S312,163724992
S313,165078430
S315,133932452
S317,172786234
S318,166579560
S32,142362178
S321,169250744
S324,164915596
S325,171099092
S326,170114742
S328,168647324
S329,156668612
S330,171254400
S331,164259284
S332,162494992
S333,168798058
S334,168633486
S335,138626708
S339,129293352
S340,167589302
S342,155864732
S344,176179918
S35,143018280
S351,135028126
S354,175595994
S361,168636074
S363,169859898
S366,203830910
S369,158702152
S37,188682876
S379,170636776
S38,141498546
S380,173511062
S381,129181340
S383,127087084
S384,152589282
S385,172269472
S386,128566444
S387,189575162
S389,163013456
S390,172141628
S391,169908514
S393,170501854
S394,152833340
S4,156939410
S400,137457846
S401,172349696
S402,176334650
S403,171705062
S404,136416870
S405,168531192
S406,168840860
S408,139033288
S412,163605714
S42,145963158
S46,144439620
S47,140928326
S48,146078204
S49,139231326
S5,131634992
S50,125393980
S51,128100070
S52,148347166
S56,144366270
S57,159231998
S58,128384538
S59,132478246
S6,133443928
S60,140530314
S61,164914388
S62,144236268
S63,155215686
S66,165981104
S69,152929062
S7,135144246
S70,132844822
S72,137180874
S75,128272004
S76,149562012
S77,134496320
S8,150110782
S9,154207642
S91,174254678
S92,171751370
s1_FDMS190655335,152767652
s11_FDMS190655341,156701678
s12_FDMS190655342,151411122
s13_FDMS190655343,188802486
s16_FDMS190655344,162807204
s17_FDMS190655345,198898964
s18_FDMS190655346,171800480
s2_FDMS190655336,144918316
s21_FDMS190655347,203175382
s22_FDMS190655348,154748668
s23_FDMS190655349,231710398
s26_FDMS190655350,166751896
s27_FDMS190655351,170444916
s28_FDMS190655352,167628880
s3_FDMS190655337,169512406
s31_FDMS190655353,159617250
s32_FDMS190655354,200503744
s33_FDMS190655355,246759678
s6_FDMS190655338,167256724
s7_FDMS190655339,180674514
s8_FDMS190655340,153462578
Cjian1_BDME190026006,72937558
Cshang5_BDME190601163,100319366
Ctu1_BDME190026003,83342600
Ctu3_BDME190025997,59555324
Ctu4_BDME190026009,63984246
Ctu5_BDME190026013,93565280
Cxia1_BDME190026007,81082964
Cxia2_BDME190025877,75973584
Cxia3_BDME190026000,66010020
Cxia4_BDME190026012,80873888
Cxia5_BDME190026016,83325402
Cjian2_BDME190025878,63854468
S58_BDME190601153,81956808
S60_BDME190601155,110988062
S61_BDME190601156,88231270
S64_BDME190601159,87580516
S67_BDME190601162,81055976
S69_BDME190601164,76181564
S72_BDME190601167,77841388
S73_BDME190601168,90468206
S75_BDME190601170,88639508
S76_BDME190601171,102506614
Cjian3_BDME190025999,83984450
Z1jian_BDME190025990,77701118
Z1W_BDME190025931,72164106
Z1xia_BDME190025991,143021066
Z2jian_BDME190025923,72566292
Z2tu_BDME190025922,94760074
Z2W_BDME190025932,86698700
Z2xia_BDME190025880,81157278
Z3jian_BDME190025993,73890604
Z3tu_BDME190025992,77026674
Z3xia_BDME190025994,119401812
Cjian4_BDME190026011,79057008
Z4jian_BDME190026001,165189134
Z4tu_BDME190025879,83860530
Z4xia_BDME190026002,68312396
Z5jian_BDME190601154,78744756
Z5tu_BDME190025995,89931682
Z5W_BDME190025934,89665898
Z5xia_BDME190025996,76216642
Cjian5_BDME190026015,65170846
Cshang1_BDME190026004,138110320
Cshang2_BDME190026008,165955920
Cshang3_BDME190025998,79134092
Cshang4_BDME190026010,71293088
S41_BDMS190062376,112741590
S65_BDMS190062400,121646342
S66_BDMS190062401,99206734
S42_BDMS190062377,56181906
S43_BDMS190062378,104828050
S44_BDMS190062379,114808658
S45_BDMS190062380,86528220
S61_BDMS190062396,62641706
S62_BDMS190062397,62563756
S63_BDMS190062398,54601786
S64_BDMS190062399,93270454
rice1,213264846
rice100,198744744
rice101,205216030
rice102,205345998
rice103,208045366
rice104,209667896
rice105,230491868
rice121,139272698
rice122,183204588
rice123,138287984
rice124,140587744
rice125,161807916
rice126,130654442
rice127,141148372
rice128,150895242
rice129,142602996
rice130,174875294
rice131,169712844
rice132,149154902
rice133,156159990
rice134,135507198
rice135,122494050
rice136,155357018
rice137,123468354
rice138,140801324
rice139,147537688
rice140,149041032
rice17,185250768
rice18,171403530
rice19,198502712
rice2,224267990
rice20,178683618
rice21,178150908
rice23,181083858
rice24,162049446
rice25,169129126
rice26,155796342
rice27,179603320
rice3,251324032
rice39,160973264
rice4,219946620
rice40,177400350
rice41,162358182
rice42,160531254
rice43,145166854
rice5,216106610
rice96,205254146
rice97,225646580
rice98,179425210
rice99,174612064
BL1_EDME210000091,242019822
BL2_EDME210000092,240811210
BL3_EDME210000093,217529744
D1_EDME210000097,198968090
D2_EDME210000098,203492650
D3_EDME210000099,216414928
D4_EDME210000100,205365186
D5_EDME210000101,199187764
D6_EDME210000102,225432438
ED1_EDME210000088,195085614
ED2_EDME210000089,258144192
ED3_EDME210000090,172176516
GM1_EDME210000094,203868278
GM2_EDME210000095,169046036
GM3_EDME210000096,161843170
ERR4660996,48853774
ERR4660997,54866278
ERR4660998,43827732
ERR4660999,48252776
ERR4661000,52816048
ERR4661001,57638066
ERR4661002,53546754
ERR4661003,66567480
ERR4661004,47731272
ERR4661005,59651162
ERR4661006,42551124
ERR4661007,51095290
ERR4661008,61099088
ERR4661009,57055668
ERR4661010,66745718
ERR4661011,47263512
ERR4661012,60244504
ERR4661013,58106474
ERR4661014,65307374
ERR4661015,65792698
SRR3712209,6421310
SRR3989476,22261382
SRR5512132,2572116
SRR5262251,413856060
SRR6942528,424238134
SRR8554900,510527171
SRR1157614,"40,981,316"
SRR2070858,"85,225,306"
SRR2070865,"85,750,286"
SRR2071948,"8,082,302"
SRR2071949,"9,189,508"
SRR2901746,"359,335,276"
SRR2902415,"359,658,960"
SRR2903329,"320,880,084"
SRR2962480,"40,196,110"
SRR3401986,"26,530,026"
SRR3401989,"27,539,810"
SRR3401991,"25,557,162"
SRR3401994,"27,526,750"
SRR3402036,"28,464,410"
SRR3402044,"21,189,958"
SRR3402046,"22,983,574"
SRR3402048,"26,340,870"
SRR3712179,"19,204,760"
SRR3712206,"24,409,264"
SRR3712207,"24,644,068"
SRR3712211,"19,090,224"
SRR3970040,"86,008,990"
SRR3988621,"12,823,816"
SRR3988622,"15,818,368"
SRR3988820,"16,225,452"
SRR3988821,"16,807,930"
SRR3988822,"15,635,480"
SRR3988823,"17,645,142"
SRR3988824,"17,475,148"
SRR3988825,"16,855,592"
SRR3988826,"15,702,916"
SRR3988827,"22,716,202"
SRR3988828,"14,986,140"
SRR3988829,"15,108,118"
SRR3988830,"16,565,600"
SRR3988831,"15,417,318"
SRR3988832,"23,696,914"
SRR3988833,"27,560,074"
SRR3988834,"22,394,964"
SRR3988835,"23,044,834"
SRR3988836,"27,759,014"
SRR3988837,"25,016,330"
SRR3988838,"22,719,698"
SRR3988839,"25,696,910"
SRR3988840,"23,748,712"
SRR3988841,"25,980,194"
SRR3988842,"23,981,052"
SRR3988843,"22,303,906"
SRR3988844,"25,448,766"
SRR3988845,"24,075,524"
SRR3988846,"25,699,692"
SRR3988847,"23,456,660"
SRR3988848,"23,764,534"
SRR3989306,"237,639,468"
SRR3989337,"128,784,256"
SRR3989455,"19,246,102"
SRR3989456,"20,351,034"
SRR3989457,"23,969,012"
SRR3989458,"23,886,292"
SRR3989459,"23,920,124"
SRR3989462,"23,092,894"
SRR3989463,"22,551,800"
SRR3989464,"23,532,150"
SRR3989465,"27,010,760"
SRR3989466,"22,529,564"
SRR3989467,"26,060,900"
SRR3989468,"26,982,090"
SRR3989469,"21,365,026"
SRR3989472,"23,323,080"
SRR3989473,"23,456,708"
SRR3989478,"21,955,806"
SRR3989479,"19,927,280"
SRR3989480,"23,703,496"
SRR3989481,"29,199,310"
SRR3989483,"20,273,038"
SRR3989484,"18,209,390"
SRR3989485,"18,578,032"
SRR3989486,"26,907,968"
SRR3989488,"24,221,820"
SRR3989494,"25,004,828"
SRR3989496,"16,761,550"
SRR3989497,"21,585,804"
SRR3989498,"23,686,842"
SRR3989499,"24,879,352"
SRR3989502,"26,170,966"
SRR3989503,"21,338,812"
SRR3989504,"24,799,624"
SRR3989505,"23,753,584"
SRR3989510,"26,197,458"
SRR3989511,"22,095,586"
SRR3989512,"26,408,952"
SRR3989513,"24,689,852"
SRR3989517,"27,777,216"
SRR3989518,"27,502,574"
SRR3989519,"22,391,396"
SRR3989520,"26,538,860"
SRR3989524,"20,236,382"
SRR3989525,"24,476,358"
SRR3989526,"27,081,878"
SRR3989527,"28,031,558"
SRR3989544,"25,146,096"
SRR3989545,"28,788,070"
SRR3989546,"23,456,890"
SRR3989547,"25,585,664"
SRR3989551,"25,495,608"
SRR3989552,"18,840,256"
SRR3989553,"19,784,220"
SRR3989554,"22,733,882"
SRR3989557,"23,136,970"
SRR3989558,"21,642,366"
SRR3989559,"22,115,404"
SRR3989562,"18,430,160"
SRR3989563,"21,617,554"
SRR3989564,"22,123,898"
SRR3989565,"40,619,110"
SRR3989566,"45,038,248"
SRR3989567,"34,774,512"
SRR3989568,"19,827,218"
SRR3989569,"23,219,066"
SRR3989570,"34,715,778"
SRR3989571,"20,710,962"
SRR3989572,"21,641,048"
SRR3989574,"25,385,952"
SRR3989575,"19,782,376"
SRR3989577,"22,640,072"
SRR3989592,"23,546,736"
SRR3989596,"22,256,716"
SRR3989600,"25,347,500"
SRR3989607,"20,269,844"
SRR3989618,"24,496,026"
SRR3989619,"26,627,358"
SRR3989628,"26,962,234"
SRR3989634,"23,807,254"
SRR3989701,"23,385,230"
SRR4026204,"2,456,900"
SRR4027096,"36,263,758"
SRR4027097,"36,133,196"
SRR4027109,"37,939,936"
SRR4027117,"28,013,944"
SRR4027118,"33,095,270"
SRR4027119,"31,527,116"
SRR4027589,"40,192,672"
SRR4027590,"40,402,922"
SRR4027591,"40,417,240"
SRR4027593,"40,791,468"
SRR4027594,"40,681,562"
SRR4027595,"39,598,410"
SRR4027596,"39,425,600"
SRR4027609,"154,220,034"
SRR4027611,"154,100,258"
SRR4027612,"156,829,902"
SRR4027613,"155,400,236"
SRR4027614,"151,142,000"
SRR4027935,"26,201,932"
SRR4027937,"33,796,984"
SRR4030065,"104,011,024"
SRR4030067,"102,879,274"
SRR4249913,"22,302,610"
SRR4249914,"54,383,882"
SRR4249915,"58,000,562"
SRR4249916,"55,382,908"
SRR4249917,"29,838,852"
SRR4249918,"28,768,698"
SRR4249919,"78,638,550"
SRR4249920,"81,101,264"
SRR4249921,"31,760,910"
SRR4249922,"29,424,634"
SRR4249923,"55,211,736"
SRR4249924,"24,345,144"
SRR4249925,"27,883,484"
SRR4249926,"22,545,054"
SRR4249927,"27,931,172"
SRR4249928,"25,398,472"
SRR4249929,"28,413,746"
SRR4249930,"21,852,258"
SRR5127900,"60,501,678"
SRR5207564,"27,883,484"
SRR5207565,"29,424,634"
SRR5272069,"24,375,218"
SRR5272126,"23,906,022"
SRR5272127,"27,888,306"
SRR5272128,"24,320,246"
SRR5272129,"22,627,386"
SRR5272154,"26,127,566"
SRR5272155,"23,704,814"
SRR5272156,"23,587,796"
SRR5272157,"24,011,634"
SRR5272159,"24,456,380"
SRR5272161,"23,884,562"
SRR5272166,"18,071,648"
SRR5272167,"24,964,802"
SRR5272168,"21,731,710"
SRR5272169,"24,747,834"
SRR5272184,"28,421,860"
SRR5512133,"75,649,402"
SRR5512136,"74,324,768"
SRR5512137,"77,915,712"
SRR5512138,"79,932,134"
SRR5512139,"77,886,152"
SRR5512140,"75,869,056"
SRR5512141,"74,286,346"
SRR5512145,"71,877,048"
SRR5579862,"162,081,744"
SRR5633581,"26,652,898"
SRR5633591,"27,397,598"
SRR5633600,"27,679,898"
